Cust_Id,Age,Gender,OwnHome,Married,Location,Salary,Children,History,Catalogs,AmountSpent
12,Young,Male,Rent,Single,Far,20400,0,Medium,18,867
14,Middle,Female,Rent,Single,Close,58600,1,Medium,6,624
15,Old,Female,Rent,Married,Close,84800,0,High,18,2624
16,Old,Male,Own,Married,Far,33000,0,Medium,12,979
16,Middle,Female,Rent,Married,Close,73000,1,Medium,6,490
17,Middle,Female,Own,Married,Close,49700,2,Low,18,613
18,Young,Female,Rent,Single,Close,21700,2,NA,6,387
19,Young,Female,Rent,Single,Far,12000,0,Low,6,264
21,Middle,Male,Own,Married,Close,96600,0,NA,12,1437
22,Young,Female,Rent,Single,Close,11000,2,NA,18,393
22,Middle,Male,Own,Single,Far,65400,1,High,12,2290
22,Middle,Male,Own,Single,Close,55600,0,NA,12,952
26,Old,Female,Own,Single,Close,24400,0,Low,6,491
26,Old,Female,Rent,Married,Close,65900,0,High,12,777
29,Middle,Female,Own,Married,Far,108100,3,High,18,2632
33,Middle,Male,Rent,Single,Close,49100,0,NA,6,934
36,Middle,Male,Own,Single,Close,45900,2,Low,12,416
38,Middle,Male,Own,Married,Close,96300,1,High,12,1081
39,Old,Female,Own,Married,Close,52200,1,Medium,12,669
40,Middle,Male,Own,Married,Far,72500,0,NA,24,2595
41,Young,Female,Own,Single,Close,21600,2,NA,12,491
42,Old,Male,Own,Married,Close,55500,0,Medium,18,858
43,Middle,Female,Own,Married,Close,51900,3,Low,6,158
44,Middle,Female,Rent,Married,Close,88600,3,Low,6,212
44,Middle,Male,Rent,Married,Close,88000,2,Medium,6,524
45,Middle,Female,Rent,Married,Close,60500,2,Low,6,409
45,Young,Female,Rent,Married,Close,47300,0,NA,6,640
49,Middle,Male,Rent,Married,Close,106100,3,Low,12,472
49,Young,Female,Own,Single,Far,41000,1,Medium,12,768
49,Middle,Male,Rent,Married,Far,72200,3,Medium,18,1042
51,Young,Female,Rent,Single,Close,14800,1,Low,6,209
51,Middle,Female,Own,Married,Close,108100,1,High,12,1133
53,Young,Female,Rent,Single,Far,13700,2,NA,24,414
55,Old,Female,Own,Single,Close,43300,0,NA,12,1584
56,Middle,Female,Own,Single,Close,41300,1,NA,18,932
58,Middle,Female,Own,Married,Far,84900,1,High,24,3072
60,Middle,Female,Rent,Single,Close,46600,0,Medium,24,906
60,Young,Female,Rent,Single,Far,13600,1,NA,18,349
62,Middle,Female,Own,Married,Close,76700,2,Medium,6,534
63,Middle,Male,Own,Married,Close,82400,0,High,18,1779
63,Old,Female,Own,Single,Close,37300,0,Medium,6,673
65,Young,Female,Rent,Single,Far,17300,1,Low,18,381
67,Old,Male,Own,Married,Far,37000,0,Medium,12,850
69,Middle,Female,Rent,Single,Far,39000,3,Low,6,292
70,Middle,Female,Rent,Married,Far,67300,1,High,18,1513
70,Young,Male,Rent,Single,Close,28400,3,Low,18,182
71,Young,Female,Own,Single,Far,27900,0,Medium,18,1184
71,Middle,Male,Own,Single,Close,59400,0,Medium,18,1699
72,Middle,Male,Own,Married,Far,123000,1,High,24,5878
73,Young,Female,Rent,Single,Close,16900,2,NA,6,281
73,Old,Female,Rent,Single,Close,11000,0,NA,24,195
74,Old,Male,Rent,Single,Close,56300,0,Medium,6,873
75,Middle,Male,Rent,Married,Close,63500,2,NA,24,2321
76,Young,Female,Own,Single,Close,27800,3,NA,12,408
77,Middle,Male,Own,Married,Close,69900,1,NA,18,2101
78,Middle,Male,Own,Married,Close,90100,0,High,18,1956
86,Old,Female,Own,Single,Close,39600,0,Medium,12,610
88,Middle,Female,Rent,Married,Close,95900,0,NA,24,3168
89,Middle,Male,Own,Single,Close,52900,1,NA,24,2316
89,Middle,Female,Own,Married,Close,88200,0,NA,24,2749
89,Young,Male,Rent,Single,Close,21400,0,NA,12,414
90,Young,Male,Rent,Single,Close,23500,0,Low,12,371
91,Old,Male,Rent,Single,Close,32400,1,Low,12,515
92,Middle,Male,Own,Married,Far,113400,3,High,18,1790
93,Young,Female,Rent,Single,Close,15900,0,Low,18,503
94,Young,Male,Rent,Single,Close,26100,1,NA,6,494
94,Middle,Female,Own,Married,Close,130700,3,NA,6,2070
96,Young,Male,Rent,Single,Close,15800,2,Low,12,147
96,Young,Female,Rent,Single,Close,14100,3,NA,6,153
96,Middle,Male,Rent,Single,Close,72000,0,High,12,1475
98,Young,Female,Own,Married,Far,55900,1,NA,6,788
98,Young,Male,Rent,Single,Far,10900,0,Low,24,407
103,Old,Male,Own,Married,Far,54600,0,High,24,2163
104,Middle,Male,Own,Married,Close,119800,2,Medium,24,2090
105,Middle,Female,Rent,Single,Close,26200,1,Low,12,381
105,Young,Female,Rent,Single,Far,12600,0,Low,6,241
106,Old,Male,Rent,Married,Close,81800,0,High,6,919
107,Old,Male,Own,Married,Close,124900,0,High,18,4109
108,Middle,Female,Rent,Single,Close,39900,1,Low,12,586
108,Middle,Male,Own,Married,Far,79200,1,High,6,1905
108,Middle,Male,Own,Married,Close,100100,2,NA,6,1597
110,Young,Female,Rent,Single,Far,19800,1,Low,24,991
110,Old,Male,Rent,Single,Close,42800,0,Medium,12,922
110,Young,Female,Rent,Single,Far,18400,1,Low,6,319
114,Middle,Male,Own,Married,Far,98900,0,NA,18,3126
114,Middle,Female,Rent,Single,Close,35300,0,NA,18,1369
114,Young,Male,Rent,Single,Close,15400,0,Low,6,172
115,Middle,Female,Rent,Single,Far,44100,1,Medium,18,1659
117,Young,Female,Rent,Single,Far,20700,1,Low,12,550
119,Middle,Female,Own,Married,Close,67900,3,Low,12,356
120,Young,Female,Rent,Single,Close,12900,1,Low,6,107
122,Old,Female,Own,Married,Far,100100,0,High,12,3104
126,Middle,Male,Own,Married,Close,90300,0,High,24,1944
126,Young,Male,Own,Single,Close,31500,3,Low,18,269
126,Middle,Female,Rent,Single,Far,38200,0,Medium,24,1476
127,Middle,Male,Rent,Single,Close,63600,0,High,6,1318
128,Middle,Male,Own,Married,Close,92300,1,NA,24,2141
128,Young,Female,Rent,Single,Close,17000,0,Low,18,659
129,Young,Male,Rent,Single,Close,21300,1,NA,12,329
130,Middle,Male,Own,Married,Close,87200,0,High,18,1274
131,Middle,Female,Rent,Single,Close,25700,2,Low,6,173
131,Middle,Male,Own,Married,Close,107300,2,Medium,24,1194
133,Young,Female,Rent,Single,Close,14200,0,NA,6,192
134,Middle,Female,Rent,Married,Close,66300,2,Medium,12,544
134,Old,Female,Own,Single,Close,33000,3,NA,6,700
135,Young,Female,Rent,Single,Far,10200,2,Low,18,213
137,Middle,Male,Own,Married,Far,86100,1,NA,12,1255
139,Middle,Male,Own,Married,Far,113600,2,High,18,3237
139,Young,Female,Rent,Single,Close,14500,1,Low,6,183
142,Middle,Female,Rent,Married,Far,60100,1,High,18,1430
144,Middle,Female,Rent,Single,Close,42200,0,NA,18,1753
146,Middle,Male,Rent,Single,Far,56900,0,High,24,1857
147,Middle,Female,Rent,Married,Close,46700,0,Medium,24,983
148,Young,Female,Rent,Single,Close,29200,3,NA,6,636
150,Old,Male,Own,Single,Close,38700,0,NA,24,1506
150,Young,Female,Rent,Single,Far,13500,2,Low,12,160
150,Middle,Male,Rent,Married,Close,38400,2,Low,6,188
151,Middle,Female,Own,Single,Close,68400,0,High,12,1304
151,Young,Male,Rent,Single,Close,10200,2,NA,12,333
153,Middle,Male,Rent,Single,Close,54700,0,Medium,24,1355
153,Old,Male,Rent,Married,Close,49600,0,Medium,6,770
154,Old,Female,Own,Single,Close,51900,0,Medium,12,1148
157,Young,Male,Rent,Married,Close,43700,1,NA,12,927
158,Middle,Female,Own,Married,Close,62200,3,NA,24,2119
159,Young,Female,Rent,Married,Far,47200,1,Medium,12,1272
160,Old,Female,Own,Married,Close,82800,0,High,24,3010
160,Middle,Female,Rent,Married,Far,53900,1,High,18,2177
162,Middle,Male,Own,Married,Far,100100,1,High,24,3491
163,Middle,Male,Own,Married,Close,117500,2,Medium,12,927
165,Middle,Female,Rent,Married,Close,118300,1,NA,18,2681
166,Middle,Male,Rent,Married,Close,93000,1,High,24,2644
168,Middle,Male,Rent,Single,Far,40200,0,High,18,1634
170,Old,Male,Own,Married,Close,134500,0,High,24,4558
170,Young,Female,Own,Married,Far,70900,0,NA,6,690
171,Middle,Male,Own,Married,Far,88700,2,High,24,2693
173,Middle,Female,Own,Single,Close,47600,1,Medium,12,801
174,Middle,Female,Own,Single,Close,48700,2,Low,12,528
174,Middle,Male,Rent,Single,Close,34200,1,Low,18,523
175,Middle,Male,Own,Single,Close,64000,3,Low,12,410
175,Middle,Male,Own,Married,Far,103900,1,High,24,2666
175,Young,Female,Rent,Married,Close,36900,1,NA,18,1480
175,Middle,Male,Rent,Single,Close,55900,1,Medium,12,909
176,Old,Female,Own,Married,Close,114800,0,High,18,3596
177,Young,Female,Rent,Single,Close,17600,2,Low,18,163
180,Old,Male,Own,Single,Close,41900,0,Medium,6,654
181,Old,Female,Own,Single,Close,36100,0,Medium,12,438
184,Middle,Male,Own,Married,Close,85600,0,High,24,3380
188,Middle,Female,Own,Single,Far,34600,2,Medium,18,748
190,Young,Female,Rent,Single,Close,19400,1,NA,18,384
193,Middle,Female,Rent,Single,Close,46600,0,NA,12,546
197,Middle,Female,Own,Married,Close,75600,0,NA,12,1541
199,Middle,Male,Own,Single,Close,82800,0,NA,6,1544
200,Middle,Female,Own,Married,Far,102800,2,High,18,2238
202,Middle,Female,Rent,Single,Far,37800,2,NA,12,1185
205,Young,Male,Rent,Married,Far,53600,3,Medium,24,1560
205,Young,Male,Rent,Single,Close,14600,3,NA,6,307
206,Old,Male,Own,Single,Close,51400,0,NA,6,694
207,Middle,Male,Own,Married,Far,113300,1,High,18,5151
207,Old,Male,Own,Married,Far,76900,2,High,24,3230
209,Young,Female,Own,Single,Close,15600,1,Low,6,136
209,Middle,Female,Own,Married,Close,86400,1,High,12,1713
211,Middle,Male,Own,Married,Close,113000,2,Medium,18,1554
211,Middle,Male,Own,Single,Close,44600,2,Low,6,236
211,Young,Female,Rent,Married,Close,54200,1,Medium,6,486
213,Middle,Female,Rent,Married,Close,91000,2,Medium,6,708
216,Middle,Male,Own,Married,Far,130600,0,High,18,3442
218,Middle,Female,Rent,Married,Close,75200,1,NA,24,2702
219,Middle,Male,Rent,Married,Close,79500,0,High,18,1763
220,Middle,Male,Own,Married,Close,126500,2,High,18,2000
220,Young,Female,Rent,Married,Close,61700,0,NA,12,1161
220,Young,Male,Rent,Married,Close,56900,2,Low,12,687
221,Middle,Male,Own,Married,Close,77100,2,Medium,6,568
225,Middle,Male,Rent,Single,Close,52100,0,NA,12,1668
228,Old,Female,Own,Single,Close,14600,0,Low,24,468
228,Young,Male,Rent,Single,Far,25300,0,Medium,12,591
230,Middle,Female,Own,Married,Close,105300,1,NA,24,3360
230,Young,Female,Rent,Single,Close,15900,0,NA,18,406
231,Middle,Male,Own,Married,Close,127000,0,NA,12,1821
231,Old,Male,Own,Married,Close,51200,0,Medium,12,1293
231,Middle,Male,Own,Single,Close,55900,1,NA,24,2555
231,Young,Male,Rent,Married,Close,56300,0,NA,24,1608
232,Old,Female,Rent,Married,Close,39700,0,Medium,12,573
232,Young,Male,Rent,Married,Close,80700,3,Low,6,202
232,Old,Female,Own,Single,Close,35900,0,NA,12,962
233,Young,Female,Rent,Single,Far,21700,3,NA,24,708
234,Middle,Male,Own,Married,Close,82100,1,High,18,1308
236,Old,Female,Rent,Married,Close,38200,0,Medium,6,526
240,Middle,Female,Own,Single,Close,27000,2,Low,6,183
240,Middle,Male,Own,Single,Close,45800,0,NA,6,712
240,Middle,Male,Own,Married,Close,66500,3,Low,12,286
243,Middle,Female,Rent,Single,Close,40400,1,Low,24,630
244,Old,Male,Own,Single,Close,59300,0,Medium,12,929
246,Old,Male,Own,Married,Close,73100,0,High,6,1582
246,Young,Female,Rent,Single,Close,14000,0,Low,12,229
246,Middle,Male,Own,Married,Far,96800,2,High,18,2299
247,Old,Female,Own,Single,Far,47500,0,High,6,755
250,Young,Female,Rent,Single,Far,21100,1,Low,6,470
250,Middle,Male,Own,Married,Close,102500,1,High,24,2464
251,Middle,Female,Rent,Married,Close,97400,3,Low,6,213
251,Young,Female,Own,Single,Far,32000,1,NA,24,1320
253,Middle,Female,Own,Married,Far,90400,1,High,18,2924
254,Young,Female,Rent,Single,Close,19300,1,Low,24,308
254,Old,Female,Own,Single,Close,30300,0,Low,18,1062
255,Middle,Male,Own,Single,Far,71500,0,NA,6,964
255,Middle,Male,Rent,Single,Far,55800,1,NA,6,821
255,Middle,Male,Rent,Single,Close,55600,0,Medium,6,984
257,Old,Female,Rent,Married,Close,41700,0,Medium,18,1398
259,Young,Female,Own,Single,Close,32600,3,Low,12,172
262,Middle,Male,Own,Married,Close,76100,0,NA,6,719
264,Young,Female,Rent,Married,Close,79400,0,NA,6,1175
264,Middle,Male,Own,Married,Close,117900,0,High,6,1760
266,Middle,Female,Rent,Married,Close,87700,3,NA,24,2446
269,Middle,Female,Own,Married,Close,90500,1,High,6,1116
270,Middle,Male,Own,Married,Close,76400,2,Medium,18,881
272,Middle,Female,Rent,Married,Close,53300,0,Medium,24,1598
273,Young,Female,Rent,Married,Close,40000,0,NA,6,613
273,Middle,Male,Rent,Married,Close,106700,2,Medium,6,607
275,Middle,Male,Own,Married,Close,96300,1,High,24,1909
276,Middle,Female,Rent,Married,Close,96700,2,Medium,12,1231
279,Middle,Female,Rent,Married,Close,48600,0,Medium,24,1583
279,Middle,Male,Own,Married,Close,102400,1,High,18,1237
279,Middle,Male,Own,Married,Close,107300,2,Medium,18,1566
280,Middle,Male,Rent,Married,Far,64000,1,NA,6,1552
282,Middle,Male,Own,Single,Close,74400,0,High,12,1152
286,Young,Male,Rent,Single,Close,17700,1,Low,12,268
286,Middle,Male,Rent,Single,Far,36700,1,Medium,24,1218
287,Old,Female,Rent,Single,Far,15000,0,Low,12,378
287,Young,Female,Rent,Single,Close,12100,1,Low,6,90
288,Middle,Male,Own,Married,Close,98400,0,High,18,3305
289,Middle,Male,Own,Single,Far,75400,0,High,24,2723
291,Old,Female,Own,Married,Close,49200,0,Medium,12,1078
292,Middle,Male,Own,Married,Close,65800,1,NA,12,1017
293,Middle,Male,Rent,Single,Close,45900,0,Medium,12,716
293,Young,Female,Rent,Single,Close,10600,2,NA,24,517
294,Middle,Female,Rent,Single,Close,41400,3,Low,6,223
298,Middle,Male,Rent,Single,Far,52600,1,NA,18,1773
299,Young,Male,Own,Single,Close,23200,0,NA,24,534
301,Middle,Male,Own,Single,Far,53900,0,NA,12,1186
303,Middle,Male,Own,Married,Close,109200,3,Low,24,1102
305,Middle,Male,Own,Single,Close,67900,0,High,18,1418
306,Young,Female,Rent,Single,Far,18200,2,Low,12,322
308,Young,Female,Rent,Single,Close,16400,1,Low,12,218
309,Old,Female,Own,Single,Far,24000,1,Low,6,357
311,Young,Male,Own,Single,Close,33400,0,NA,12,567
311,Young,Male,Rent,Married,Far,51600,0,NA,12,1082
312,Middle,Male,Own,Single,Far,50100,1,High,18,1071
313,Young,Female,Own,Single,Far,21900,2,Low,24,486
315,Middle,Female,Own,Married,Close,86900,0,High,18,2230
315,Young,Male,Rent,Married,Close,52600,1,Medium,12,1052
316,Young,Female,Rent,Single,Close,21900,1,NA,12,576
317,Middle,Female,Own,Single,Close,47900,0,NA,12,1090
318,Old,Female,Own,Married,Close,25900,0,Low,18,582
319,Middle,Male,Own,Married,Close,98500,0,High,18,2034
319,Young,Male,Rent,Single,Close,19600,0,Low,12,395
320,Young,Male,Own,Married,Close,30400,0,Low,6,495
321,Young,Female,Rent,Married,Far,30100,0,Medium,12,530
324,Young,Male,Rent,Married,Far,55000,0,NA,12,1162
325,Middle,Male,Own,Married,Far,77800,1,High,18,1813
325,Old,Female,Own,Single,Far,28300,0,Medium,24,933
327,Middle,Female,Own,Single,Close,43300,1,NA,18,1021
328,Middle,Male,Rent,Single,Close,43200,0,NA,24,917
329,Middle,Female,Own,Single,Far,25300,1,NA,6,451
331,Middle,Male,Rent,Single,Far,67700,0,High,12,2226
331,Old,Male,Own,Married,Close,108900,0,High,12,1841
331,Middle,Male,Rent,Single,Close,43800,0,Medium,12,606
331,Old,Male,Own,Single,Close,63200,0,High,24,1507
333,Old,Female,Own,Single,Close,12700,2,Low,6,65
337,Middle,Male,Rent,Married,Close,105600,3,Low,6,304
338,Young,Male,Rent,Single,Close,14800,3,NA,12,436
339,Middle,Female,Own,Single,Close,72200,0,NA,18,3278
340,Middle,Female,Rent,Single,Far,44800,1,Medium,6,666
341,Old,Male,Own,Married,Close,73300,0,NA,12,1694
343,Old,Female,Rent,Single,Far,19700,0,Low,6,535
346,Middle,Female,Rent,Married,Far,75800,1,High,12,1830
347,Young,Male,Rent,Single,Close,10400,0,NA,18,189
349,Middle,Female,Own,Single,Close,36700,1,NA,6,529
351,Middle,Female,Own,Single,Close,60200,1,NA,12,1748
352,Young,Male,Rent,Single,Close,21200,0,NA,12,417
353,Middle,Female,Own,Married,Close,74700,1,Medium,6,704
353,Old,Female,Own,Married,Close,103300,0,High,24,3378
355,Middle,Female,Rent,Married,Close,72900,3,Low,6,252
357,Middle,Male,Own,Single,Close,73700,1,Medium,12,1274
361,Middle,Male,Own,Married,Close,83600,2,Medium,6,538
366,Young,Female,Rent,Single,Close,10200,3,NA,6,199
370,Young,Male,Rent,Married,Close,27400,1,Low,6,278
370,Old,Male,Own,Married,Close,107400,0,High,12,1485
370,Middle,Male,Rent,Married,Close,81800,1,High,18,1838
370,Young,Female,Own,Single,Close,33400,1,NA,6,617
371,Young,Female,Rent,Single,Close,12500,1,Low,6,202
374,Young,Male,Rent,Single,Close,14200,1,NA,24,400
374,Young,Female,Rent,Single,Close,11700,0,Low,12,193
376,Old,Female,Own,Married,Far,78800,0,High,18,3398
379,Middle,Female,Own,Married,Close,123600,1,NA,12,1892
382,Middle,Male,Rent,Married,Far,83500,2,High,24,2098
383,Old,Female,Own,Married,Close,42800,0,Medium,6,685
384,Old,Female,Own,Married,Close,72900,0,High,6,753
385,Young,Female,Rent,Single,Close,13700,1,NA,6,163
391,Middle,Male,Own,Single,Close,62700,2,Medium,12,704
392,Young,Female,Own,Single,Far,33200,2,Medium,12,607
392,Middle,Male,Rent,Single,Close,41800,3,Low,24,301
393,Middle,Female,Own,Married,Far,118300,1,High,12,2502
396,Middle,Male,Rent,Single,Close,50500,0,Medium,12,1029
397,Middle,Male,Own,Single,Close,66600,0,High,18,1177
397,Middle,Female,Own,Single,Close,46600,3,Low,6,158
399,Middle,Male,Own,Married,Close,66900,0,High,12,1220
400,Young,Female,Rent,Single,Close,22000,1,Low,12,472
401,Young,Female,Rent,Single,Far,19700,2,Low,6,330
404,Young,Female,Own,Married,Far,68000,0,High,24,3688
410,Young,Male,Rent,Single,Far,13800,1,Low,12,368
411,Middle,Male,Own,Married,Close,102400,1,NA,12,2466
414,Middle,Female,Own,Single,Close,53700,3,Low,12,235
415,Middle,Male,Own,Married,Close,95800,3,Low,12,678
416,Middle,Female,Rent,Single,Close,42800,0,Medium,12,759
419,Young,Male,Rent,Single,Close,14400,0,NA,24,615
419,Middle,Female,Own,Single,Close,46100,2,Low,12,418
421,Middle,Male,Own,Single,Close,48800,1,Medium,24,1271
423,Middle,Male,Rent,Single,Far,42500,1,NA,6,798
423,Old,Female,Rent,Married,Close,70900,0,High,24,1685
424,Middle,Female,Rent,Single,Close,43300,3,Low,24,326
426,Young,Male,Rent,Married,Close,39700,0,Medium,18,1011
428,Young,Male,Rent,Married,Close,54500,1,Medium,18,1001
430,Old,Female,Rent,Single,Far,20400,0,NA,24,513
433,Old,Female,Own,Married,Close,51000,0,Medium,12,1025
434,Middle,Female,Rent,Married,Close,72100,0,High,24,3052
434,Middle,Female,Rent,Married,Close,63500,1,Medium,18,1023
438,Old,Female,Own,Married,Far,12600,2,Low,12,164
439,Young,Female,Rent,Single,Close,16900,1,Low,6,247
439,Young,Female,Rent,Married,Close,40900,1,Medium,18,962
443,Middle,Male,Rent,Single,Close,41200,0,Medium,12,841
443,Middle,Female,Own,Single,Close,43100,0,NA,24,1444
443,Middle,Male,Own,Married,Far,75500,0,NA,18,2450
444,Old,Female,Own,Married,Close,41600,0,NA,18,982
446,Young,Female,Rent,Married,Far,53700,0,High,24,2491
448,Middle,Female,Rent,Single,Close,34700,0,NA,18,1615
452,Middle,Female,Rent,Single,Close,42700,0,Medium,12,827
452,Middle,Male,Own,Married,Close,88100,2,Medium,24,1078
452,Middle,Male,Rent,Married,Far,84100,1,High,24,2362
453,Young,Female,Rent,Single,Close,13300,1,NA,6,236
454,Old,Male,Own,Married,Close,26800,0,Low,12,435
454,Middle,Male,Own,Single,Close,61500,2,Medium,24,968
456,Young,Male,Rent,Single,Far,13900,0,NA,24,570
457,Middle,Male,Rent,Single,Close,55100,2,NA,6,826
459,Young,Male,Rent,Single,Close,20900,0,NA,6,296
463,Young,Female,Rent,Single,Far,12400,3,Low,18,205
464,Middle,Female,Rent,Married,Close,66500,1,NA,24,1181
465,Middle,Female,Own,Married,Close,97500,1,High,12,1280
466,Young,Female,Rent,Single,Far,17300,0,Low,6,411
468,Middle,Male,Own,Single,Close,68900,2,NA,18,2784
468,Young,Female,Rent,Single,Close,10600,2,Low,12,114
470,Middle,Female,Rent,Married,Close,68800,0,NA,6,1658
470,Middle,Male,Own,Single,Close,64300,0,NA,6,1325
471,Middle,Male,Own,Married,Close,97400,1,High,6,880
472,Young,Female,Own,Single,Close,27100,2,Low,24,437
475,Middle,Male,Own,Married,Close,85600,1,High,18,2436
475,Old,Male,Own,Married,Far,80700,0,NA,18,3034
477,Old,Female,Own,Married,Far,110000,0,High,24,5564
477,Middle,Male,Own,Married,Close,72200,0,High,24,2492
477,Old,Female,Own,Married,Close,26700,0,Low,24,1120
478,Old,Female,Own,Married,Far,37500,0,Medium,18,1578
479,Young,Female,Rent,Single,Close,13500,0,Low,18,296
479,Young,Female,Rent,Married,Close,13800,0,Low,18,363
480,Young,Female,Rent,Married,Close,25500,2,Low,6,139
481,Middle,Male,Own,Married,Close,83700,0,High,24,3344
482,Middle,Male,Own,Single,Close,49200,3,Low,12,210
484,Middle,Male,Own,Single,Far,59600,2,Medium,18,1217
486,Old,Female,Own,Single,Close,12800,0,NA,12,230
486,Middle,Male,Rent,Married,Close,94200,1,High,18,1211
488,Middle,Female,Own,Married,Close,93400,2,NA,24,3079
489,Young,Male,Own,Single,Close,41400,0,Medium,18,643
489,Old,Male,Own,Married,Close,56600,0,NA,24,1607
490,Young,Female,Rent,Single,Close,17200,1,NA,12,329
491,Middle,Female,Own,Married,Close,79400,3,Low,6,200
494,Middle,Male,Own,Married,Close,96500,0,High,24,3780
496,Old,Female,Own,Single,Close,33200,0,Medium,24,1037
498,Middle,Female,Own,Single,Far,64100,2,High,24,1595
499,Young,Female,Rent,Single,Close,16300,1,NA,12,470
501,Young,Male,Rent,Married,Far,46300,1,Medium,18,1357
501,Middle,Male,Rent,Single,Close,35100,1,Low,6,421
502,Middle,Male,Own,Married,Close,84200,0,High,24,1654
506,Old,Female,Own,Married,Close,62800,0,High,18,1403
508,Young,Male,Rent,Single,Close,19100,0,NA,6,176
509,Middle,Female,Own,Single,Close,35200,0,Medium,12,607
510,Middle,Male,Own,Single,Close,61600,0,NA,18,1666
510,Middle,Male,Rent,Single,Far,40500,1,NA,18,1073
513,Middle,Male,Rent,Single,Close,63800,1,Medium,24,1622
515,Young,Female,Rent,Single,Close,26600,2,Low,24,245
516,Middle,Male,Rent,Single,Close,53300,0,Medium,18,1720
516,Young,Female,Rent,Single,Far,20000,3,Low,6,182
517,Young,Female,Rent,Single,Far,13200,0,NA,24,358
518,Middle,Female,Own,Married,Close,63300,2,Medium,24,679
519,Old,Male,Own,Married,Close,58300,0,Medium,24,1472
520,Young,Male,Rent,Married,Close,45800,0,Medium,6,489
521,Old,Female,Own,Single,Close,28500,0,Low,24,621
522,Young,Female,Rent,Single,Far,23100,2,Low,6,466
523,Middle,Male,Own,Married,Far,93000,3,High,6,1046
525,Young,Male,Own,Single,Close,29600,3,NA,12,583
527,Old,Female,Own,Married,Close,111500,0,High,18,2510
529,Middle,Female,Own,Single,Close,52700,2,Low,18,855
530,Old,Female,Own,Married,Close,89000,0,High,12,1487
530,Middle,Female,Own,Married,Close,72600,1,NA,18,1999
531,Old,Female,Own,Married,Far,91800,0,NA,24,2452
535,Old,Female,Own,Single,Close,17600,0,Low,6,224
536,Middle,Male,Rent,Single,Close,59100,2,Low,18,580
537,Young,Female,Rent,Single,Far,14500,1,Low,6,222
537,Young,Female,Rent,Married,Close,76400,0,NA,12,2216
538,Old,Female,Own,Married,Far,81400,0,High,24,3001
540,Young,Male,Rent,Married,Far,67300,3,NA,6,1212
540,Old,Male,Own,Married,Close,85300,0,NA,12,2523
541,Middle,Male,Own,Married,Far,90700,3,High,24,2265
541,Middle,Male,Own,Married,Close,84100,3,NA,6,1352
542,Young,Female,Rent,Single,Far,27600,1,Medium,24,893
545,Young,Female,Own,Married,Close,42400,1,NA,18,1166
546,Middle,Male,Own,Single,Close,59700,1,NA,18,1422
547,Young,Male,Rent,Single,Close,27100,1,Low,12,268
549,Old,Male,Own,Single,Close,53400,1,Medium,12,886
550,Middle,Male,Own,Single,Close,60200,3,NA,12,1364
552,Old,Male,Own,Married,Close,75500,0,High,6,741
554,Middle,Female,Own,Married,Far,44200,0,High,24,2524
555,Young,Male,Rent,Married,Close,66700,0,NA,18,1310
555,Middle,Male,Rent,Married,Close,68700,0,High,24,2763
558,Young,Male,Rent,Married,Close,64300,3,Low,6,239
558,Old,Male,Rent,Married,Far,23800,0,NA,12,428
558,Middle,Male,Own,Single,Far,61300,2,High,24,1241
559,Young,Male,Rent,Single,Close,19800,2,Low,12,209
560,Young,Male,Own,Married,Close,62200,0,High,24,1348
561,Old,Female,Own,Married,Far,40100,0,Medium,12,1384
562,Middle,Female,Own,Married,Close,44100,1,Medium,24,704
569,Middle,Female,Own,Married,Far,80600,0,High,24,2840
570,Middle,Female,Own,Married,Close,126300,1,High,6,1888
571,Old,Male,Rent,Married,Far,66300,0,NA,18,2243
571,Middle,Female,Rent,Married,Close,114100,1,NA,24,1976
571,Young,Male,Rent,Single,Far,19400,0,Low,6,563
575,Middle,Male,Own,Married,Close,102700,3,NA,12,1473
575,Middle,Female,Own,Single,Far,56200,0,High,18,1546
576,Young,Female,Rent,Single,Close,12700,3,Low,12,87
578,Young,Female,Rent,Single,Close,13300,1,Low,6,184
579,Middle,Female,Own,Married,Close,65400,2,Medium,24,938
579,Middle,Male,Own,Married,Close,70200,0,NA,6,1583
579,Middle,Female,Own,Single,Close,47900,1,Medium,24,662
581,Old,Female,Own,Married,Far,33600,2,Medium,12,805
583,Old,Female,Own,Married,Far,22800,0,NA,12,452
583,Middle,Male,Own,Married,Close,74500,2,Medium,12,824
584,Old,Male,Own,Married,Close,123000,0,High,24,3671
585,Middle,Female,Rent,Married,Close,93700,1,High,24,1521
586,Middle,Male,Rent,Married,Close,76200,1,NA,24,2437
587,Young,Male,Rent,Single,Close,15200,0,NA,12,324
588,Middle,Male,Own,Married,Close,82500,0,High,6,859
588,Middle,Male,Rent,Married,Far,70500,1,NA,24,2145
588,Young,Male,Rent,Married,Close,49300,0,NA,24,1692
590,Young,Female,Rent,Single,Close,15600,0,NA,12,468
591,Young,Female,Rent,Married,Close,25900,1,Low,6,242
591,Old,Female,Own,Single,Far,22000,0,Medium,12,736
591,Middle,Female,Rent,Single,Close,43000,3,Low,24,225
591,Old,Male,Own,Married,Close,23400,0,Low,6,348
592,Young,Female,Rent,Single,Close,15500,1,Low,6,210
593,Young,Male,Rent,Single,Close,15000,3,Low,6,38
596,Middle,Female,Own,Married,Close,82200,1,NA,12,1517
597,Middle,Male,Own,Married,Close,83100,2,Medium,6,586
597,Old,Female,Own,Married,Close,54700,0,Medium,24,1404
598,Young,Female,Rent,Single,Close,13400,1,Low,12,143
598,Old,Female,Rent,Single,Far,13900,0,Low,6,191
598,Old,Male,Rent,Married,Far,66200,0,NA,6,1024
599,Middle,Female,Own,Single,Close,49600,1,Medium,12,844
599,Young,Male,Rent,Married,Far,20200,1,Low,24,500
600,Young,Female,Rent,Single,Close,12000,0,Low,24,344
600,Middle,Female,Own,Married,Close,82400,2,Medium,18,657
601,Old,Male,Own,Married,Close,66300,0,High,12,1088
601,Middle,Male,Own,Single,Far,60200,0,High,12,1955
602,Young,Male,Rent,Single,Close,21700,1,NA,18,774
603,Middle,Male,Rent,Single,Far,45100,1,Medium,12,794
603,Middle,Male,Own,Married,Close,102300,0,High,24,2438
603,Middle,Male,Own,Married,Far,108000,3,High,24,1849
605,Middle,Male,Own,Married,Close,108200,3,Low,12,635
605,Middle,Male,Own,Married,Close,76700,1,Medium,24,1431
605,Middle,Female,Own,Married,Close,85500,2,Medium,18,895
607,Middle,Female,Own,Married,Close,107600,2,Medium,12,1512
610,Old,Male,Own,Married,Close,116100,1,High,24,2975
610,Old,Female,Own,Single,Close,25500,0,Low,18,636
611,Old,Female,Own,Married,Close,22400,0,NA,24,947
612,Old,Female,Own,Married,Far,78900,0,High,18,2233
613,Middle,Male,Rent,Married,Close,92900,1,NA,6,1705
614,Middle,Male,Own,Single,Far,39100,1,Medium,12,1001
618,Middle,Male,Own,Married,Far,61400,1,High,24,1575
619,Middle,Female,Own,Married,Close,68200,1,NA,6,818
619,Old,Female,Own,Married,Close,61000,0,NA,18,1850
620,Young,Male,Rent,Single,Close,14200,0,Low,6,250
620,Young,Female,Rent,Single,Close,14400,1,Low,18,223
621,Young,Male,Rent,Single,Close,29200,0,Low,18,737
623,Middle,Female,Rent,Single,Close,39700,3,Low,12,238
623,Middle,Male,Own,Single,Close,63200,0,High,24,1932
624,Young,Female,Own,Single,Far,21400,3,NA,6,326
625,Middle,Male,Own,Married,Close,79600,2,NA,6,1575
625,Old,Female,Own,Married,Close,110700,0,High,12,2458
633,Young,Female,Rent,Married,Far,32700,1,NA,18,1276
633,Old,Female,Own,Married,Close,112800,0,High,12,1861
634,Middle,Male,Own,Married,Close,60500,3,Low,12,340
634,Middle,Male,Own,Married,Close,42700,0,Medium,6,541
635,Middle,Male,Rent,Married,Close,62800,3,Low,6,177
635,Young,Female,Rent,Single,Far,23100,2,Low,12,457
636,Young,Female,Rent,Single,Close,26700,1,NA,12,459
636,Young,Male,Rent,Single,Close,23200,1,Low,24,504
637,Middle,Male,Own,Married,Close,64800,2,Medium,12,574
638,Old,Female,Rent,Single,Far,17900,0,Low,6,446
640,Young,Male,Rent,Single,Far,22900,1,NA,12,814
641,Middle,Male,Own,Single,Close,55500,3,Low,18,427
642,Middle,Male,Own,Married,Close,81200,0,High,24,1856
642,Old,Female,Own,Married,Close,10100,1,Low,6,93
643,Middle,Male,Own,Single,Far,80800,2,High,18,2444
648,Young,Female,Rent,Single,Close,14300,1,NA,18,458
648,Young,Male,Own,Married,Close,73000,0,NA,6,1534
652,Middle,Male,Own,Single,Close,48100,0,Medium,18,1640
653,Middle,Female,Own,Married,Close,131500,3,NA,6,2840
655,Young,Male,Rent,Single,Far,20800,0,NA,6,260
656,Middle,Male,Own,Married,Far,74400,0,High,6,1893
657,Young,Female,Rent,Single,Far,16100,0,NA,6,202
657,Middle,Female,Own,Single,Far,62500,3,NA,6,921
659,Old,Female,Own,Single,Close,17300,0,Low,6,166
661,Young,Female,Rent,Married,Close,41700,1,NA,6,521
662,Middle,Female,Rent,Married,Far,45400,3,Medium,24,1203
662,Old,Female,Own,Married,Close,77600,0,High,18,2004
663,Old,Female,Rent,Single,Close,33600,0,Medium,12,573
665,Old,Female,Rent,Married,Close,71800,0,High,24,1946
666,Middle,Male,Rent,Single,Close,38600,1,Low,18,542
670,Middle,Male,Own,Married,Close,84700,3,NA,24,2705
671,Young,Male,Rent,Single,Close,21900,0,Low,12,276
676,Middle,Male,Rent,Single,Close,47200,0,Medium,18,1587
676,Middle,Male,Rent,Married,Close,117700,1,High,12,2104
679,Middle,Female,Own,Single,Close,43500,1,Medium,12,500
679,Middle,Male,Own,Single,Close,76800,1,Medium,18,1061
680,Young,Female,Rent,Single,Close,14600,1,Low,6,143
681,Young,Female,Rent,Single,Close,22200,2,Low,18,275
682,Young,Male,Rent,Single,Far,25700,0,Medium,18,907
683,Young,Male,Rent,Married,Close,49800,0,Medium,12,827
683,Middle,Male,Own,Single,Close,49900,1,NA,24,1631
683,Middle,Male,Own,Married,Close,64300,2,Medium,6,661
683,Middle,Female,Own,Single,Close,36900,2,Low,24,514
684,Middle,Male,Own,Married,Close,105300,1,NA,18,3505
684,Old,Male,Own,Married,Far,74500,0,NA,18,1413
689,Middle,Male,Own,Single,Far,72300,0,High,24,4182
689,Young,Female,Rent,Single,Far,12900,1,Low,6,167
689,Middle,Male,Own,Single,Far,48100,2,Medium,18,961
694,Middle,Male,Own,Married,Close,96900,0,High,6,1159
695,Middle,Female,Own,Single,Close,54400,3,Low,18,342
695,Young,Female,Rent,Single,Far,12500,1,NA,12,422
695,Young,Female,Rent,Single,Far,14400,1,Low,6,390
695,Young,Female,Rent,Married,Close,36600,0,Medium,6,833
696,Old,Female,Rent,Married,Far,52500,0,High,24,2038
698,Middle,Male,Own,Single,Close,62900,0,NA,24,2561
699,Middle,Male,Own,Married,Close,122700,1,NA,18,4984
700,Middle,Male,Rent,Single,Close,44500,0,Medium,24,1175
702,Young,Male,Rent,Married,Close,55500,3,Low,12,216
703,Young,Male,Rent,Single,Close,13400,0,Low,18,424
704,Old,Female,Own,Married,Close,74400,0,High,18,2479
705,Middle,Male,Own,Single,Close,64200,0,High,18,1642
707,Middle,Male,Own,Married,Far,79000,1,High,18,2279
708,Middle,Female,Own,Married,Close,100800,1,High,24,1789
708,Young,Male,Rent,Single,Close,18200,0,Low,12,401
710,Old,Female,Rent,Married,Close,46900,0,Medium,6,703
710,Old,Female,Rent,Married,Close,68600,0,High,18,1342
711,Middle,Male,Rent,Single,Close,45200,1,Medium,18,699
711,Middle,Female,Own,Married,Far,52300,1,High,18,2034
712,Young,Female,Rent,Single,Far,10800,3,Low,6,123
712,Young,Female,Rent,Single,Far,18400,1,Low,12,662
716,Old,Female,Own,Married,Close,43600,0,Medium,12,1047
718,Middle,Female,Own,Married,Far,96800,3,NA,24,3082
718,Young,Female,Rent,Single,Close,20300,2,Low,12,180
722,Young,Male,Rent,Single,Far,14800,1,NA,12,376
725,Old,Male,Own,Single,Close,44800,0,Medium,24,1417
726,Old,Female,Rent,Single,Far,15100,0,Low,6,348
727,Young,Male,Rent,Single,Far,21900,2,NA,6,192
728,Middle,Male,Own,Married,Far,118400,2,NA,12,3941
731,Middle,Female,Rent,Married,Close,40500,2,Low,18,622
733,Young,Female,Rent,Single,Close,11500,3,NA,6,157
733,Middle,Female,Own,Married,Close,70900,1,Medium,12,794
735,Young,Male,Rent,Married,Far,25100,0,Medium,12,592
735,Old,Female,Own,Married,Close,90500,0,High,6,863
737,Middle,Female,Rent,Married,Close,104900,3,Low,6,450
738,Middle,Female,Own,Single,Close,48400,0,Medium,12,992
739,Middle,Female,Own,Single,Close,46300,3,NA,6,1138
740,Middle,Male,Own,Single,Far,45000,1,NA,18,902
740,Middle,Male,Rent,Married,Far,52800,2,Medium,12,926
742,Middle,Male,Own,Married,Close,70000,0,High,24,1974
743,Young,Male,Rent,Married,Close,36600,0,NA,6,587
744,Middle,Male,Own,Married,Close,96100,0,High,6,1588
745,Middle,Male,Rent,Single,Close,47000,1,Medium,12,584
752,Middle,Female,Rent,Single,Far,31200,3,NA,24,1087
753,Middle,Male,Own,Married,Close,95100,2,Medium,12,809
755,Middle,Male,Own,Married,Close,88700,1,NA,18,2448
755,Young,Female,Rent,Single,Close,12500,3,NA,12,206
758,Middle,Male,Own,Married,Close,82400,3,NA,18,2122
759,Young,Female,Rent,Single,Close,16700,2,Low,12,108
759,Old,Female,Own,Married,Far,79300,0,NA,12,2047
760,Young,Female,Rent,Single,Close,24000,2,NA,6,362
762,Middle,Female,Rent,Single,Far,45500,1,NA,18,1624
763,Old,Female,Own,Married,Close,74700,0,High,12,1699
764,Middle,Male,Own,Single,Far,49700,0,High,24,2844
767,Old,Female,Own,Single,Far,40600,2,Medium,6,690
769,Middle,Male,Own,Married,Close,96100,3,Low,12,316
770,Middle,Female,Rent,Married,Close,135700,1,High,24,2746
771,Middle,Male,Own,Married,Close,53700,1,NA,12,1081
772,Middle,Female,Rent,Single,Close,46500,1,Medium,24,829
774,Middle,Male,Own,Married,Close,54700,0,Medium,18,848
775,Middle,Female,Own,Single,Far,66800,3,NA,24,2098
775,Middle,Female,Own,Single,Close,67800,1,Medium,6,680
776,Middle,Female,Rent,Married,Close,84200,2,Medium,24,954
777,Young,Female,Rent,Single,Close,18800,2,Low,18,170
778,Middle,Male,Own,Married,Far,81200,0,High,12,2693
779,Old,Male,Own,Single,Close,62200,0,NA,12,1583
783,Old,Female,Own,Single,Close,58200,0,Medium,18,981
785,Middle,Male,Own,Single,Close,63700,0,NA,6,1351
787,Young,Male,Rent,Single,Far,20300,2,Low,24,450
787,Old,Female,Rent,Single,Close,14900,0,NA,12,275
789,Middle,Male,Own,Married,Close,102600,0,High,18,2546
789,Middle,Female,Own,Married,Close,109800,1,High,24,2258
789,Middle,Female,Own,Married,Close,82000,0,High,18,1800
790,Middle,Male,Own,Single,Close,68400,0,High,18,1155
792,Young,Female,Rent,Married,Close,73600,1,Medium,6,647
793,Young,Female,Own,Single,Far,27900,1,NA,12,576
794,Middle,Male,Rent,Single,Far,58600,2,NA,6,989
795,Old,Female,Rent,Single,Close,20100,0,Low,24,576
795,Young,Female,Own,Single,Close,25900,2,NA,12,449
796,Young,Male,Rent,Married,Close,36500,0,Medium,24,1140
796,Middle,Female,Rent,Single,Close,47000,0,NA,6,963
797,Old,Male,Own,Married,Far,59700,0,High,18,1857
797,Middle,Male,Own,Married,Far,100600,3,High,24,2838
797,Old,Male,Own,Single,Close,40200,2,NA,18,1197
799,Old,Male,Rent,Married,Far,66200,0,High,24,2057
801,Young,Male,Rent,Married,Far,41600,0,High,24,1690
801,Middle,Female,Own,Single,Far,64400,3,Medium,24,1913
804,Middle,Female,Rent,Single,Close,48100,0,Medium,12,782
806,Young,Female,Rent,Single,Close,22100,2,Low,18,280
806,Middle,Male,Own,Single,Far,68700,1,NA,24,1699
806,Young,Male,Rent,Married,Close,41500,0,NA,24,1213
807,Old,Male,Rent,Married,Close,60000,0,Medium,6,966
808,Middle,Female,Own,Married,Far,83100,1,NA,12,2766
808,Old,Male,Own,Single,Close,65300,0,High,18,1443
808,Middle,Male,Own,Married,Close,97300,1,NA,12,3048
808,Young,Male,Rent,Single,Close,10200,0,NA,24,362
809,Old,Male,Own,Married,Far,86500,0,High,24,2690
810,Young,Female,Rent,Single,Close,23000,3,Low,6,79
811,Middle,Female,Rent,Single,Close,50500,1,Medium,12,940
815,Old,Male,Own,Married,Close,84300,0,High,24,2842
815,Young,Female,Own,Single,Far,31900,0,NA,12,860
815,Middle,Male,Own,Married,Close,106400,0,NA,12,1757
817,Young,Male,Rent,Single,Close,17600,0,NA,6,273
818,Middle,Male,Rent,Single,Far,60200,0,High,24,2304
819,Middle,Female,Own,Single,Close,65800,1,Medium,12,869
820,Old,Female,Rent,Married,Far,64600,0,High,18,2206
820,Middle,Male,Own,Married,Far,65400,3,NA,6,836
821,Middle,Female,Own,Married,Close,59100,1,NA,6,1426
822,Middle,Female,Own,Married,Far,101700,1,NA,24,2551
822,Middle,Female,Own,Married,Close,82700,1,High,18,1753
823,Middle,Male,Own,Single,Close,50600,3,NA,6,713
824,Middle,Male,Own,Married,Close,77000,0,High,12,2104
825,Young,Male,Own,Single,Close,20900,0,Low,24,550
827,Old,Female,Own,Married,Close,74900,0,High,12,1474
828,Young,Male,Rent,Married,Close,36900,0,Medium,18,721
828,Young,Female,Rent,Single,Close,15000,2,NA,12,341
829,Middle,Male,Own,Married,Close,118500,1,High,24,3063
831,Middle,Male,Rent,Married,Far,48800,2,NA,12,1647
832,Middle,Male,Rent,Single,Close,53900,0,Medium,12,1060
832,Middle,Male,Rent,Single,Close,60400,1,Medium,6,791
833,Old,Female,Own,Single,Close,11400,0,NA,6,258
833,Young,Female,Rent,Married,Close,42300,0,NA,6,856
833,Young,Female,Rent,Single,Close,12000,0,Low,6,140
833,Young,Female,Rent,Single,Close,14200,2,Low,18,197
834,Old,Female,Own,Married,Close,65900,0,High,24,1436
834,Middle,Male,Own,Married,Far,79700,1,High,24,3384
834,Young,Male,Rent,Married,Close,69700,1,Medium,12,1432
835,Middle,Female,Rent,Married,Close,81400,2,NA,6,1014
837,Middle,Female,Own,Single,Close,35200,2,Low,6,233
838,Old,Female,Rent,Single,Close,21200,0,Low,6,242
840,Middle,Female,Rent,Single,Close,40700,3,Low,18,232
841,Middle,Female,Rent,Single,Close,32700,2,Low,6,273
842,Middle,Female,Rent,Single,Far,45600,0,High,12,1322
843,Middle,Female,Own,Single,Close,46600,2,NA,18,1153
844,Middle,Male,Own,Married,Far,113800,0,NA,12,3273
844,Middle,Female,Rent,Single,Close,53700,2,NA,12,1194
848,Young,Female,Rent,Single,Close,11900,1,Low,6,143
852,Middle,Female,Rent,Married,Close,79900,1,Medium,18,1165
852,Middle,Male,Own,Single,Close,56700,2,Low,18,536
854,Old,Male,Rent,Single,Close,29000,0,Low,6,482
855,Young,Female,Rent,Single,Far,25600,2,NA,18,426
857,Middle,Female,Own,Married,Close,83300,1,High,24,2574
860,Old,Male,Own,Married,Close,77300,0,High,18,1853
861,Young,Male,Rent,Single,Close,31600,1,NA,12,476
862,Middle,Female,Own,Single,Close,43900,2,Low,6,358
863,Middle,Female,Own,Single,Close,53300,3,NA,6,508
863,Young,Female,Rent,Single,Close,17900,3,Low,6,62
865,Middle,Male,Own,Married,Far,140000,0,High,12,4894
868,Young,Male,Rent,Single,Close,14100,0,Low,12,328
869,Middle,Male,Own,Married,Far,122100,0,High,12,2408
871,Middle,Female,Own,Married,Close,102500,3,Low,12,548
872,Young,Female,Own,Married,Close,76200,0,High,12,979
872,Middle,Male,Own,Married,Close,98400,0,High,12,1414
872,Middle,Female,Own,Married,Close,111900,1,NA,12,2340
874,Middle,Female,Own,Single,Close,51300,0,Medium,24,1424
879,Young,Female,Rent,Single,Far,13800,3,Low,6,127
879,Middle,Male,Own,Married,Close,67600,1,Medium,18,1172
880,Middle,Female,Rent,Single,Far,35600,3,Low,18,865
882,Young,Female,Rent,Single,Close,18900,1,Low,6,184
882,Young,Female,Rent,Single,Close,13200,1,Low,12,227
885,Middle,Female,Own,Married,Close,110400,3,Low,24,1093
886,Young,Male,Rent,Married,Far,63300,3,NA,6,1408
886,Old,Male,Rent,Married,Close,34500,0,Medium,12,802
888,Young,Female,Rent,Single,Far,12800,1,NA,24,365
894,Middle,Male,Own,Married,Close,109600,1,High,12,2318
896,Middle,Male,Own,Single,Close,60300,0,NA,24,2091
897,Young,Female,Rent,Married,Far,51900,0,NA,6,780
898,Young,Female,Rent,Single,Close,27000,1,NA,24,1012
898,Middle,Male,Own,Married,Close,123800,2,NA,18,3537
900,Old,Female,Own,Single,Far,16300,0,Low,6,317
902,Middle,Male,Own,Married,Close,54200,1,Medium,6,757
903,Middle,Female,Own,Single,Far,56000,3,Medium,6,530
903,Middle,Female,Own,Married,Close,72200,2,Medium,18,715
905,Young,Male,Rent,Single,Close,18700,0,Low,12,289
905,Middle,Male,Rent,Single,Close,54200,0,NA,18,1405
907,Middle,Male,Rent,Single,Close,57800,0,Medium,24,1149
911,Middle,Male,Rent,Single,Far,50000,1,NA,6,1079
912,Middle,Male,Own,Married,Close,83900,0,High,24,1721
916,Young,Female,Own,Single,Close,27500,3,NA,12,571
920,Old,Female,Rent,Single,Close,37000,1,NA,6,632
921,Middle,Male,Own,Married,Close,104100,0,High,24,2636
924,Middle,Male,Own,Married,Close,70400,2,NA,12,1127
924,Middle,Female,Own,Married,Far,99200,0,High,24,5503
927,Middle,Male,Own,Single,Close,57600,1,NA,6,1006
927,Middle,Male,Own,Single,Close,73200,0,High,24,2177
930,Young,Female,Rent,Single,Far,11400,3,NA,12,312
931,Middle,Female,Own,Married,Close,84800,1,NA,12,1826
932,Old,Male,Rent,Married,Close,90200,0,High,18,2183
933,Middle,Male,Rent,Married,Close,118800,0,High,12,2631
935,Middle,Female,Rent,Married,Far,43300,3,Medium,24,716
937,Young,Female,Rent,Married,Close,71200,3,Low,12,392
938,Middle,Female,Own,Married,Close,80800,1,NA,18,1598
938,Middle,Male,Own,Married,Close,87000,0,High,24,1594
942,Middle,Male,Rent,Single,Close,54400,0,Medium,6,1150
942,Young,Female,Rent,Single,Close,25300,3,NA,6,510
944,Middle,Male,Rent,Single,Close,45600,0,Medium,18,1388
945,Old,Male,Own,Married,Close,71200,1,Medium,12,638
945,Old,Female,Rent,Married,Close,39500,0,Medium,12,1006
947,Middle,Female,Own,Married,Far,77600,3,Medium,12,858
948,Middle,Male,Rent,Single,Far,38700,1,Medium,18,1009
949,Young,Male,Rent,Married,Far,43500,1,Medium,12,808
949,Young,Male,Own,Married,Close,58900,0,NA,18,1215
949,Middle,Male,Own,Single,Close,55900,0,Medium,12,964
949,Old,Female,Own,Married,Close,96200,0,High,12,1457
949,Middle,Male,Own,Married,Close,99200,3,NA,12,2796
952,Middle,Male,Rent,Single,Far,53800,0,High,12,1803
953,Middle,Male,Rent,Single,Far,52200,0,High,24,1909
955,Old,Female,Own,Married,Close,21500,0,Low,18,445
957,Old,Female,Rent,Single,Close,14600,1,Low,24,385
957,Middle,Male,Rent,Single,Close,43100,1,NA,12,1224
958,Middle,Female,Own,Single,Far,47500,0,High,6,847
959,Middle,Female,Own,Single,Close,48700,1,NA,12,1457
959,Middle,Female,Own,Single,Far,55600,1,High,18,1553
960,Old,Female,Own,Single,Close,32500,0,Medium,24,883
962,Young,Male,Rent,Married,Close,67800,0,High,12,1084
962,Young,Female,Rent,Single,Close,12400,1,NA,12,229
962,Old,Female,Rent,Single,Far,11700,0,Low,18,540
964,Middle,Female,Rent,Married,Far,92400,1,NA,6,2191
971,Old,Female,Own,Single,Close,35200,0,NA,12,827
971,Old,Male,Rent,Single,Close,34500,0,Medium,24,639
971,Old,Female,Own,Married,Far,74900,0,NA,12,1804
973,Middle,Male,Own,Single,Close,62800,3,NA,6,707
975,Young,Female,Rent,Single,Close,13600,1,Low,6,183
975,Old,Male,Own,Married,Far,112900,0,High,24,6217
977,Young,Male,Rent,Single,Close,21300,0,Low,24,677
979,Middle,Male,Rent,Single,Close,42300,0,Medium,24,1051
979,Middle,Male,Own,Married,Far,73800,0,High,24,3120
980,Middle,Male,Rent,Single,Far,51100,0,High,24,1984
981,Middle,Male,Own,Married,Far,89500,0,High,24,5209
982,Young,Male,Rent,Single,Close,13000,3,Low,6,43
983,Old,Male,Own,Married,Close,54600,0,Medium,24,1246
984,Middle,Male,Rent,Married,Far,97600,1,NA,12,2902
989,Old,Male,Own,Single,Close,58700,0,NA,24,1479
990,Middle,Female,Rent,Single,Close,43700,0,Medium,12,950
991,Young,Female,Own,Single,Close,24400,1,Low,6,220
991,Middle,Female,Own,Married,Close,81700,3,Low,24,879
991,Young,Female,Rent,Married,Close,40900,2,Low,18,576
991,Young,Male,Rent,Married,Close,37200,1,Low,6,247
992,Middle,Male,Rent,Single,Far,49000,0,High,18,1523
997,Middle,Female,Rent,Married,Close,79900,1,Medium,12,1041
1000,Old,Male,Own,Married,Far,62300,0,High,24,2644
1001,Young,Male,Rent,Single,Close,11200,0,NA,6,106
1003,Middle,Male,Own,Married,Close,97200,0,NA,12,1634
1010,Old,Female,Rent,Married,Far,81500,0,High,18,3655
1010,Middle,Male,Rent,Single,Close,52400,0,NA,18,857
1012,Middle,Male,Own,Married,Far,84300,2,High,18,1648
1012,Middle,Male,Own,Married,Close,63300,2,NA,6,633
1012,Middle,Male,Rent,Single,Close,50700,3,Low,6,157
1012,Middle,Female,Rent,Single,Close,36900,1,Low,6,371
1013,Middle,Male,Rent,Married,Far,72200,1,High,12,2082
1014,Old,Female,Own,Married,Close,70700,0,High,24,2150
1016,Middle,Male,Rent,Married,Far,72200,3,Medium,18,1811
1017,Middle,Female,Own,Married,Close,64100,1,Medium,18,1332
1018,Middle,Female,Own,Single,Close,51200,0,Medium,18,1257
1024,Middle,Female,Own,Married,Far,109800,0,High,18,4279
1024,Old,Male,Own,Single,Close,71300,0,High,18,1543
1026,Young,Female,Rent,Single,Close,14600,3,Low,6,47
1027,Young,Male,Own,Married,Close,55100,0,Medium,18,1439
1029,Young,Male,Rent,Single,Close,18000,0,Low,12,303
1032,Young,Male,Rent,Single,Far,17800,1,NA,18,589
1033,Middle,Female,Own,Married,Close,35300,0,Medium,24,1093
1033,Young,Male,Rent,Single,Far,19000,0,NA,12,428
1034,Young,Male,Rent,Single,Close,17400,0,NA,12,332
1034,Old,Female,Rent,Single,Close,21400,0,Low,18,498
1034,Middle,Male,Own,Married,Close,79000,2,Medium,18,671
1035,Old,Male,Own,Single,Close,45700,0,Medium,18,724
1035,Middle,Female,Rent,Married,Close,82300,2,Medium,12,580
1035,Middle,Female,Own,Single,Close,53800,0,Medium,12,843
1042,Old,Female,Own,Single,Far,42600,0,High,24,1790
1043,Young,Male,Rent,Single,Close,17800,0,Low,18,292
1047,Young,Male,Rent,Married,Far,41500,3,NA,24,1314
1049,Middle,Male,Own,Single,Far,55600,0,High,18,1786
1050,Middle,Male,Own,Married,Close,107400,1,High,24,1821
1052,Middle,Male,Own,Single,Close,60200,0,Medium,12,1365
1052,Middle,Male,Own,Married,Far,82400,2,High,24,2035
1052,Middle,Male,Rent,Married,Close,108300,2,NA,12,2224
1052,Middle,Female,Own,Single,Far,55200,0,High,18,1714
1052,Old,Female,Rent,Single,Far,22600,0,NA,12,865
1052,Middle,Female,Rent,Single,Close,32100,2,Low,24,405
1053,Young,Male,Rent,Married,Close,36700,0,Medium,12,731
1054,Young,Female,Rent,Single,Close,11400,2,NA,6,186
1056,Middle,Male,Rent,Single,Close,63000,0,High,24,1910
1057,Old,Female,Own,Married,Close,62600,0,High,6,565
1057,Middle,Female,Rent,Single,Close,40200,1,NA,12,881
1058,Old,Female,Rent,Single,Close,28900,0,Low,12,830
1059,Middle,Female,Rent,Single,Close,44600,0,Medium,18,966
1061,Middle,Male,Own,Married,Close,97500,0,High,18,2837
1063,Middle,Female,Own,Single,Close,51900,2,NA,12,1162
1063,Middle,Male,Own,Single,Close,58400,0,Medium,12,829
1064,Middle,Male,Rent,Single,Close,39000,0,NA,6,643
1069,Middle,Male,Own,Married,Close,118600,1,NA,12,1553
1072,Middle,Male,Rent,Married,Far,87100,2,High,18,1688
1073,Old,Male,Own,Married,Close,74800,0,High,18,1968
1075,Old,Female,Own,Married,Close,69400,0,High,18,2419
1077,Middle,Male,Rent,Married,Far,124800,3,High,18,2537
1077,Young,Female,Own,Single,Close,27200,2,Low,18,446
1077,Middle,Female,Rent,Single,Close,33200,1,NA,6,320
1078,Young,Male,Rent,Married,Close,41600,3,NA,24,1634
1080,Young,Female,Rent,Single,Close,17300,0,Low,12,345
1082,Middle,Male,Own,Single,Close,60300,0,High,24,1263
1083,Young,Female,Rent,Married,Close,63200,0,High,24,1512
1086,Old,Male,Rent,Married,Close,69800,0,High,24,2764
1086,Middle,Male,Own,Married,Far,120000,3,High,18,1926
1087,Young,Female,Rent,Married,Close,37100,2,Low,24,653
1089,Middle,Female,Own,Married,Close,63700,3,Low,12,364
1090,Young,Female,Rent,Married,Far,33200,1,NA,24,1639
1092,Middle,Male,Own,Single,Far,70200,0,High,12,1702
1093,Young,Male,Own,Single,Close,31900,0,Medium,6,616
1094,Middle,Female,Rent,Single,Close,42000,3,Low,18,232
1094,Middle,Male,Rent,Married,Close,87400,2,NA,18,2729
1095,Middle,Female,Own,Married,Far,87200,0,High,18,3604
1095,Old,Female,Own,Married,Far,67900,0,High,24,2925
1095,Young,Female,Rent,Single,Close,20100,1,Low,12,271
1096,Middle,Male,Rent,Single,Close,53900,1,Medium,6,735
1096,Middle,Male,Rent,Single,Close,61800,0,High,24,1156
1096,Middle,Female,Own,Single,Close,45100,1,Medium,12,448
1096,Middle,Female,Own,Married,Close,105500,1,High,6,1781
1101,Middle,Male,Rent,Single,Close,60300,0,High,6,701
1106,Old,Female,Own,Single,Close,30900,0,Medium,18,862
1107,Young,Male,Rent,Single,Close,25000,0,Low,6,264
1107,Young,Female,Own,Single,Close,15100,0,Low,6,274
1108,Old,Male,Own,Married,Close,84500,0,NA,12,1557
1108,Middle,Male,Rent,Married,Close,74600,2,Medium,18,705
1108,Young,Male,Rent,Single,Close,17900,0,NA,18,395
1108,Young,Male,Rent,Single,Far,14900,1,NA,12,422
1114,Middle,Female,Own,Single,Far,52600,2,Medium,12,1307
1116,Young,Female,Rent,Married,Close,60100,0,NA,18,1594
1118,Middle,Female,Own,Single,Close,49100,2,Low,6,474
1119,Middle,Female,Rent,Married,Far,61500,3,Medium,24,1162
1121,Old,Male,Own,Married,Far,41300,0,High,24,1985
1124,Young,Female,Rent,Single,Close,23200,3,NA,24,770
1125,Old,Female,Own,Single,Close,23800,0,Low,6,438
1125,Old,Female,Own,Single,Close,20600,0,Low,6,201
1128,Middle,Female,Rent,Married,Close,66900,2,Medium,12,769
1131,Old,Female,Rent,Married,Close,97000,0,NA,24,2599
1132,Middle,Male,Own,Married,Close,74500,0,High,6,1481
1134,Old,Female,Own,Single,Far,32700,0,Medium,24,1252
1136,Middle,Female,Own,Married,Close,92300,3,Low,18,655
1138,Young,Male,Own,Single,Far,39600,0,NA,12,1085
1139,Old,Female,Rent,Single,Close,42500,0,Medium,24,918
1141,Middle,Female,Own,Married,Close,59900,1,NA,6,613
1143,Middle,Male,Rent,Single,Close,70000,0,High,6,785
1143,Young,Female,Own,Single,Far,16300,0,NA,12,360
1144,Middle,Female,Own,Married,Close,76600,3,NA,24,2904
1146,Young,Female,Rent,Single,Close,13100,0,NA,18,314
1146,Old,Male,Own,Married,Far,52000,0,High,18,2545
1148,Middle,Male,Own,Married,Close,96300,2,NA,18,3916
1149,Young,Female,Rent,Single,Close,31300,1,Low,6,357
1150,Young,Female,Rent,Married,Close,60600,3,Low,12,307
1150,Young,Male,Rent,Single,Far,19500,0,NA,24,571
1152,Middle,Female,Rent,Single,Close,28200,1,Low,6,224
1152,Middle,Female,Rent,Single,Close,36400,2,Low,18,506
1154,Young,Female,Rent,Single,Far,14300,2,Low,6,194
1157,Middle,Male,Rent,Single,Far,59000,0,High,24,3044
1158,Middle,Male,Rent,Married,Close,96400,1,High,24,1822
1162,Old,Female,Rent,Married,Far,88400,0,High,18,3632
1164,Middle,Male,Rent,Married,Far,63000,0,High,18,2107
1164,Old,Female,Own,Married,Far,128700,0,High,24,3995
1165,Old,Female,Rent,Single,Close,29200,0,Low,12,556
1166,Young,Female,Rent,Single,Close,19100,1,Low,18,403
1168,Middle,Male,Own,Married,Close,77700,0,NA,6,983
1168,Middle,Male,Own,Married,Close,65900,1,Medium,12,1081
1168,Middle,Male,Own,Married,Close,99600,1,High,6,871
1168,Middle,Female,Rent,Single,Far,49500,2,Medium,12,1195
1170,Middle,Male,Own,Married,Close,109900,2,Medium,12,870
1170,Young,Male,Rent,Single,Far,17500,0,Low,18,472
1173,Old,Male,Rent,Married,Close,71800,0,High,12,1389
1175,Old,Female,Own,Single,Close,22800,0,Low,6,258
1176,Middle,Male,Own,Single,Close,65300,3,Low,6,193
1179,Old,Female,Own,Married,Close,83700,0,High,18,1582
1181,Middle,Male,Rent,Married,Close,65800,2,Medium,18,578
1185,Young,Male,Rent,Single,Close,21000,0,Low,24,646
1185,Young,Female,Rent,Single,Far,28900,0,Medium,24,905
1186,Young,Male,Rent,Single,Close,17600,0,NA,6,245
1186,Middle,Male,Rent,Single,Close,39500,1,NA,6,412
1189,Young,Female,Rent,Single,Far,32400,1,Medium,24,920
1190,Young,Female,Rent,Married,Close,69700,2,Medium,6,584
1190,Middle,Male,Own,Married,Close,100000,1,High,24,2247
1193,Middle,Male,Own,Married,Far,70000,1,NA,6,1227
1193,Middle,Male,Own,Married,Close,97600,2,Medium,12,1162
1194,Middle,Male,Rent,Married,Close,88500,2,Medium,24,1104
1195,Old,Male,Own,Married,Close,102700,0,NA,18,2381
1195,Young,Male,Rent,Single,Far,17700,0,Low,18,742
1197,Middle,Male,Own,Married,Close,140700,3,Medium,12,1001
1197,Old,Female,Own,Married,Close,118000,3,Low,12,581
1197,Young,Female,Rent,Single,Close,25100,1,NA,6,421
1198,Old,Female,Rent,Married,Far,72200,0,High,24,3069
1199,Middle,Female,Own,Married,Close,48900,3,NA,18,915
1199,Young,Female,Rent,Single,Close,17800,1,Low,6,216
1200,Middle,Female,Rent,Single,Close,27200,3,Low,24,243
1203,Young,Male,Rent,Married,Close,53600,1,Medium,24,973
1204,Young,Female,Rent,Single,Far,23200,2,NA,24,788
1205,Old,Female,Own,Single,Close,64600,0,NA,6,1298
1206,Middle,Male,Own,Married,Close,97100,0,NA,12,1473
1209,Middle,Male,Rent,Single,Close,43700,0,NA,18,1344
1211,Old,Female,Own,Single,Close,39900,0,NA,6,619
1211,Middle,Male,Own,Married,Close,71600,1,NA,12,1198
1211,Old,Male,Rent,Single,Close,44400,0,Medium,18,886
1211,Middle,Male,Rent,Single,Far,65400,0,High,12,2296
1212,Middle,Female,Rent,Married,Close,93500,1,High,18,1426
1216,Old,Female,Own,Married,Far,84100,0,High,18,2710
1217,Middle,Female,Own,Married,Close,96500,1,High,18,1364
1218,Young,Female,Own,Single,Close,44700,1,Medium,6,502
1220,Young,Female,Rent,Married,Close,61000,1,NA,18,1611
1221,Old,Female,Rent,Married,Far,60200,0,High,18,2328
1221,Old,Female,Rent,Married,Close,23600,1,Low,6,161
1221,Young,Female,Own,Single,Far,29600,3,NA,12,774
1224,Young,Female,Rent,Single,Close,22600,3,NA,6,521
1224,Middle,Female,Own,Married,Close,79900,3,Low,12,295
1227,Middle,Female,Rent,Married,Far,120800,1,High,24,5830
1227,Middle,Female,Own,Single,Close,35800,1,NA,24,1355
1230,Young,Male,Rent,Single,Close,17000,0,NA,18,581
1233,Middle,Male,Own,Single,Close,56300,3,Low,6,321
1235,Old,Male,Own,Married,Close,95900,0,High,24,2585
1236,Old,Male,Own,Single,Close,69100,0,High,12,1477
1239,Middle,Male,Own,Married,Far,111800,3,High,18,2065
1240,Middle,Female,Rent,Married,Far,72900,0,High,18,2075
1240,Middle,Male,Own,Married,Close,96900,1,High,12,1420
1241,Old,Female,Own,Married,Far,70400,0,High,18,2610
1243,Middle,Female,Own,Married,Far,88600,1,High,18,2563
1243,Middle,Female,Rent,Married,Close,79500,0,High,12,1651
1244,Old,Male,Own,Single,Far,61000,0,High,6,975
1245,Middle,Male,Rent,Single,Far,51900,0,High,18,1492
1247,Young,Male,Rent,Single,Far,15300,0,Low,24,645
1250,Old,Female,Rent,Single,Far,14000,0,Low,12,410
1251,Young,Female,Rent,Single,Far,13200,0,NA,18,512
1254,Old,Male,Own,Married,Close,45900,0,Medium,24,1645
1255,Young,Male,Rent,Married,Close,45500,0,Medium,6,754
1259,Middle,Male,Own,Married,Close,111400,0,High,12,2136
1260,Old,Female,Own,Married,Far,80000,0,High,6,1985
1265,Young,Male,Rent,Married,Close,34300,3,NA,12,1297
1268,Young,Female,Rent,Married,Close,42000,3,Low,6,105
1269,Middle,Male,Own,Married,Far,103700,1,High,24,2339
1269,Middle,Female,Own,Married,Close,68500,2,NA,12,1500
1269,Middle,Male,Own,Married,Far,102700,1,High,18,3785
1271,Middle,Female,Own,Married,Close,71900,0,High,18,1846
1272,Young,Male,Rent,Single,Close,25800,0,NA,6,451
1275,Middle,Female,Own,Married,Close,97900,0,High,24,2149
1275,Young,Female,Rent,Married,Close,36500,1,NA,18,747
1276,Old,Female,Own,Married,Close,118800,0,High,18,2176
1277,Old,Female,Rent,Married,Close,50500,0,Medium,12,642
1277,Middle,Male,Own,Married,Close,99300,1,High,12,1504
1278,Old,Male,Own,Married,Close,106600,0,High,12,1877
1278,Middle,Male,Own,Married,Close,83000,2,Medium,6,726
1280,Old,Male,Own,Married,Far,65500,0,High,24,1931
1281,Young,Male,Rent,Married,Far,60300,1,NA,6,1252
1281,Old,Male,Own,Married,Close,90600,0,High,24,3167
1283,Middle,Male,Own,Married,Close,101700,1,NA,6,941
1286,Young,Female,Own,Married,Far,33700,0,NA,6,614
1286,Old,Male,Own,Married,Close,168800,0,High,6,1512
1287,Old,Female,Own,Married,Close,35000,0,Medium,6,473
1288,Middle,Male,Rent,Married,Far,64600,2,NA,24,2935
1290,Old,Male,Own,Married,Far,15400,0,Low,6,297
1290,Young,Female,Own,Single,Close,20300,1,Low,12,304
1291,Old,Female,Own,Married,Far,57900,0,High,12,1693
1294,Middle,Male,Own,Married,Far,95800,3,NA,12,2581
1297,Old,Male,Own,Single,Far,62000,0,High,24,3293
1297,Young,Female,Rent,Single,Far,18400,1,Low,6,303
